{"mean":{"confidence_interval":{"confidence_level":0.95,"lower_bound":-0.26714902768030657,"upper_bound":-0.2543697311887386},"point_estimate":-0.26074317891602417,"standard_error":0.0032823021030390608},"median":{"confidence_interval":{"confidence_level":0.95,"lower_bound":-0.2684541597522928,"upper_bound":-0.2536410206238886},"point_estimate":-0.25956881295935885,"standard_error":0.0030285603715104275}}