{"mean":{"confidence_interval":{"confidence_level":0.95,"lower_bound":-0.13363642652240504,"upper_bound":-0.10062776732075879},"point_estimate":-0.11676891252895583,"standard_error":0.008532276643204039},"median":{"confidence_interval":{"confidence_level":0.95,"lower_bound":-0.13863164431699626,"upper_bound":-0.08844318233471649},"point_estimate":-0.11245577653256744,"standard_error":0.013057908957384163}}