{"mean":{"confidence_interval":{"confidence_level":0.95,"lower_bound":-0.03743751656787845,"upper_bound":-0.02748733980342032},"point_estimate":-0.032553554711043486,"standard_error":0.0025451661531993614},"median":{"confidence_interval":{"confidence_level":0.95,"lower_bound":-0.04131106875630497,"upper_bound":-0.025583113339756713},"point_estimate":-0.034519352327907926,"standard_error":0.00421846770849578}}