{"mean":{"confidence_interval":{"confidence_level":0.95,"lower_bound":-0.142713525190311,"upper_bound":-0.08846019568905017},"point_estimate":-0.11750067589497193,"standard_error":0.013879609285000495},"median":{"confidence_interval":{"confidence_level":0.95,"lower_bound":-0.153347426591538,"upper_bound":-0.0975078779854095},"point_estimate":-0.14895227938522138,"standard_error":0.014468158007668168}}