{"mean":{"confidence_interval":{"confidence_level":0.95,"lower_bound":140.54479022080494,"upper_bound":145.04346339616419},"point_estimate":142.63564779995994,"standard_error":1.1504858793614443},"median":{"confidence_interval":{"confidence_level":0.95,"lower_bound":139.26712294296289,"upper_bound":144.71003249191784},"point_estimate":141.59564887036356,"standard_error":1.4698917095171489},"median_abs_dev":{"confidence_interval":{"confidence_level":0.95,"lower_bound":2.0359020461955404,"upper_bound":6.9383742432858755},"point_estimate":4.6173850753414065,"standard_error":1.2206623744954486},"slope":{"confidence_interval":{"confidence_level":0.95,"lower_bound":139.83391879941072,"upper_bound":145.3039138267495},"point_estimate":142.33375853884962,"standard_error":1.4015572562467},"std_dev":{"confidence_interval":{"confidence_level":0.95,"lower_bound":3.1024005203536626,"upper_bound":7.207990868699802},"point_estimate":5.269117310325761,"standard_error":1.1277830988184245}}