{"mean":{"confidence_interval":{"confidence_level":0.95,"lower_bound":0.19694995236853877,"upper_bound":0.23400924849841345},"point_estimate":0.21532827772084495,"standard_error":0.009398362107105412},"median":{"confidence_interval":{"confidence_level":0.95,"lower_bound":0.1810739233641172,"upper_bound":0.25536170059183005},"point_estimate":0.21355734039399654,"standard_error":0.018099169555418137}}