{"mean":{"confidence_interval":{"confidence_level":0.95,"lower_bound":0.15799613699678575,"upper_bound":0.18848035716268718},"point_estimate":0.17237873125924352,"standard_error":0.007843781640065524},"median":{"confidence_interval":{"confidence_level":0.95,"lower_bound":0.14478280686592782,"upper_bound":0.191665722930771},"point_estimate":0.16510535752996658,"standard_error":0.011146889426257856}}