{"mean":{"confidence_interval":{"confidence_level":0.95,"lower_bound":-0.10256931588685973,"upper_bound":-0.03926400185373873},"point_estimate":-0.07120534510596799,"standard_error":0.01622348687230126},"median":{"confidence_interval":{"confidence_level":0.95,"lower_bound":-0.1256833306721743,"upper_bound":-0.004180622923557364},"point_estimate":-0.060062978842915116,"standard_error":0.033833384046858046}}