{"mean":{"confidence_interval":{"confidence_level":0.95,"lower_bound":0.019880771837982994,"upper_bound":0.050508157037264564},"point_estimate":0.03515266115104043,"standard_error":0.00787699869513915},"median":{"confidence_interval":{"confidence_level":0.95,"lower_bound":0.011784509488082184,"upper_bound":0.07639097343906376},"point_estimate":0.02795310846875676,"standard_error":0.015410794940341246}}