{"mean":{"confidence_interval":{"confidence_level":0.95,"lower_bound":1731.1181963797567,"upper_bound":1762.070628649361},"point_estimate":1746.3478305483263,"standard_error":7.92007603184134},"median":{"confidence_interval":{"confidence_level":0.95,"lower_bound":1725.2318281693892,"upper_bound":1767.6090728759766},"point_estimate":1745.2046712239585,"standard_error":11.550572093171965},"median_abs_dev":{"confidence_interval":{"confidence_level":0.95,"lower_bound":20.876214830456192,"upper_bound":59.064982071097226},"point_estimate":44.613067599683376,"standard_error":9.78378775083104},"slope":{"confidence_interval":{"confidence_level":0.95,"lower_bound":1730.6519735232805,"upper_bound":1778.3666879477914},"point_estimate":1755.6143281624293,"standard_error":12.227245761437013},"std_dev":{"confidence_interval":{"confidence_level":0.95,"lower_bound":26.239314621372095,"upper_bound":43.39772849900041},"point_estimate":36.23948475926476,"standard_error":4.394543525849914}}