{"mean":{"confidence_interval":{"confidence_level":0.95,"lower_bound":16820.432261282676,"upper_bound":17451.853035631735},"point_estimate":17124.265284409652,"standard_error":161.30425449106792},"median":{"confidence_interval":{"confidence_level":0.95,"lower_bound":16606.584187211094,"upper_bound":17316.561209976462},"point_estimate":16968.25618472864,"standard_error":203.83426325923972},"median_abs_dev":{"confidence_interval":{"confidence_level":0.95,"lower_bound":251.7371361621543,"upper_bound":1103.6719376757474},"point_estimate":610.3952599192321,"standard_error":216.69912425033147},"slope":{"confidence_interval":{"confidence_level":0.95,"lower_bound":16734.988210404244,"upper_bound":17418.236476744278},"point_estimate":17022.427704374997,"standard_error":173.55509018511646},"std_dev":{"confidence_interval":{"confidence_level":0.95,"lower_bound":481.2181072225178,"upper_bound":906.9604739314315},"point_estimate":742.3746291697188,"standard_error":108.02134509052374}}