{"mean":{"confidence_interval":{"confidence_level":0.95,"lower_bound":0.25623056280901885,"upper_bound":0.3210263346919343},"point_estimate":0.2848910696514051,"standard_error":0.0160139375121058},"median":{"confidence_interval":{"confidence_level":0.95,"lower_bound":0.23520267083739288,"upper_bound":0.3163841173847466},"point_estimate":0.2565279297449421,"standard_error":0.016769610765234703}}