{"mean":{"confidence_interval":{"confidence_level":0.95,"lower_bound":0.16175527364121423,"upper_bound":0.19656233626781366},"point_estimate":0.17979598771977745,"standard_error":0.00889340132827282},"median":{"confidence_interval":{"confidence_level":0.95,"lower_bound":0.17056576682143665,"upper_bound":0.20804598165829336},"point_estimate":0.17628882094164267,"standard_error":0.011072215696063927}}