{"mean":{"confidence_interval":{"confidence_level":0.95,"lower_bound":-0.007918462070413121,"upper_bound":0.013602448658976392},"point_estimate":0.003055050356407518,"standard_error":0.005512435551324284},"median":{"confidence_interval":{"confidence_level":0.95,"lower_bound":-0.0042052095679231405,"upper_bound":0.019062669571797253},"point_estimate":0.007487492500779291,"standard_error":0.0056603350706715015}}