{"mean":{"confidence_interval":{"confidence_level":0.95,"lower_bound":-0.14306189981908013,"upper_bound":-0.13000935366894809},"point_estimate":-0.1367229157901243,"standard_error":0.003291315181130375},"median":{"confidence_interval":{"confidence_level":0.95,"lower_bound":-0.14978128841206684,"upper_bound":-0.12649556413662977},"point_estimate":-0.13447659319800775,"standard_error":0.007274703517181236}}