{"mean":{"confidence_interval":{"confidence_level":0.95,"lower_bound":-0.014618207087546534,"upper_bound":-0.0049410070596594855},"point_estimate":-0.009589114427676737,"standard_error":0.0024558340666121646},"median":{"confidence_interval":{"confidence_level":0.95,"lower_bound":-0.017557808801336505,"upper_bound":-0.0014338224489230944},"point_estimate":-0.008471411746928892,"standard_error":0.0041842046323355775}}