{"mean":{"confidence_interval":{"confidence_level":0.95,"lower_bound":-0.051492765291847986,"upper_bound":-0.026258497747717956},"point_estimate":-0.038621515477682666,"standard_error":0.006432423488709512},"median":{"confidence_interval":{"confidence_level":0.95,"lower_bound":-0.0488460295028752,"upper_bound":-0.01855699814906764},"point_estimate":-0.03806965240926774,"standard_error":0.008020818949946567}}