{"mean":{"confidence_interval":{"confidence_level":0.95,"lower_bound":7516.498386183346,"upper_bound":7612.2207911226915},"point_estimate":7562.24466546866,"standard_error":24.37404302606542},"median":{"confidence_interval":{"confidence_level":0.95,"lower_bound":7519.755602040816,"upper_bound":7545.965507518797},"point_estimate":7529.08363095238,"standard_error":12.158232262749962},"median_abs_dev":{"confidence_interval":{"confidence_level":0.95,"lower_bound":8.34746987566588,"upper_bound":160.92451195551848},"point_estimate":17.85815201628692,"standard_error":45.12466315008766},"slope":{"confidence_interval":{"confidence_level":0.95,"lower_bound":7480.956248585513,"upper_bound":7536.005612644378},"point_estimate":7511.26187742658,"standard_error":14.139173783966033},"std_dev":{"confidence_interval":{"confidence_level":0.95,"lower_bound":66.62423621240052,"upper_bound":139.23870563654705},"point_estimate":111.64935829023013,"standard_error":18.390089090134303}}