{"mean":{"confidence_interval":{"confidence_level":0.95,"lower_bound":-0.28111250161225243,"upper_bound":-0.2469095546184108},"point_estimate":-0.26553363673861496,"standard_error":0.008801802440622501},"median":{"confidence_interval":{"confidence_level":0.95,"lower_bound":-0.29442589106414463,"upper_bound":-0.24639457183355662},"point_estimate":-0.2770813043265764,"standard_error":0.01296395200702495}}