{"mean":{"confidence_interval":{"confidence_level":0.95,"lower_bound":0.1422742301383308,"upper_bound":0.1733084954522791},"point_estimate":0.1579251882563797,"standard_error":0.007916287076496286},"median":{"confidence_interval":{"confidence_level":0.95,"lower_bound":0.14994786633856427,"upper_bound":0.18525393497581066},"point_estimate":0.16998599804882386,"standard_error":0.008954907548783413}}