{"mean":{"confidence_interval":{"confidence_level":0.95,"lower_bound":24.636676606335957,"upper_bound":25.075413730795162},"point_estimate":24.85646204641363,"standard_error":0.11237769126957936},"median":{"confidence_interval":{"confidence_level":0.95,"lower_bound":24.522114851361593,"upper_bound":25.05545886431351},"point_estimate":24.868852783693963,"standard_error":0.12257754855388944},"median_abs_dev":{"confidence_interval":{"confidence_level":0.95,"lower_bound":0.1261036030073683,"upper_bound":0.8637447867174795},"point_estimate":0.6563347124264488,"standard_error":0.19389658259370846},"slope":{"confidence_interval":{"confidence_level":0.95,"lower_bound":24.34535857194706,"upper_bound":25.05906774072935},"point_estimate":24.678416682325597,"standard_error":0.1849074517162266},"std_dev":{"confidence_interval":{"confidence_level":0.95,"lower_bound":0.36823069362046096,"upper_bound":0.6253092579512016},"point_estimate":0.5154519227858883,"standard_error":0.06558182625492004}}