{"mean":{"confidence_interval":{"confidence_level":0.95,"lower_bound":-0.3642002156010751,"upper_bound":-0.2756232158057172},"point_estimate":-0.320942017898192,"standard_error":0.02263156653582842},"median":{"confidence_interval":{"confidence_level":0.95,"lower_bound":-0.36809182066824786,"upper_bound":-0.24916465309864688},"point_estimate":-0.29438307326419055,"standard_error":0.03175028755138336}}