{"mean":{"confidence_interval":{"confidence_level":0.95,"lower_bound":-0.0895315818566021,"upper_bound":-0.004709788454705796},"point_estimate":-0.0394601961639931,"standard_error":0.022735329782756792},"median":{"confidence_interval":{"confidence_level":0.95,"lower_bound":-0.033028170799851875,"upper_bound":0.0056745898785939275},"point_estimate":-0.017009472566242634,"standard_error":0.010322679169069999}}