{"mean":{"confidence_interval":{"confidence_level":0.95,"lower_bound":-0.05424031035902974,"upper_bound":0.005725195168320733},"point_estimate":-0.024252497444396504,"standard_error":0.015289416770202504},"median":{"confidence_interval":{"confidence_level":0.95,"lower_bound":-0.06116621762787133,"upper_bound":0.03462122358858011},"point_estimate":-0.003857947223937619,"standard_error":0.02350508599654981}}