{"mean":{"confidence_interval":{"confidence_level":0.95,"lower_bound":-0.18806756683057926,"upper_bound":-0.17304319335814491},"point_estimate":-0.18069235305896403,"standard_error":0.0038466378142885203},"median":{"confidence_interval":{"confidence_level":0.95,"lower_bound":-0.19379500735987543,"upper_bound":-0.17079978476327684},"point_estimate":-0.1843153370258388,"standard_error":0.006335519997133974}}