{"mean":{"confidence_interval":{"confidence_level":0.95,"lower_bound":-0.11556889075701368,"upper_bound":-0.018887354235086595},"point_estimate":-0.06709336416168721,"standard_error":0.024705230680257775},"median":{"confidence_interval":{"confidence_level":0.95,"lower_bound":-0.16161767307992203,"upper_bound":0.012979484349721293},"point_estimate":-0.03777600695126382,"standard_error":0.038286037346153205}}