{"mean":{"confidence_interval":{"confidence_level":0.95,"lower_bound":0.19113903610335456,"upper_bound":0.21575116659909888},"point_estimate":0.20274837913323873,"standard_error":0.006286282047242832},"median":{"confidence_interval":{"confidence_level":0.95,"lower_bound":0.18103098200713674,"upper_bound":0.2141982983236812},"point_estimate":0.20642539893744383,"standard_error":0.007661403057429685}}