{"mean":{"confidence_interval":{"confidence_level":0.95,"lower_bound":-0.05981328561825182,"upper_bound":-0.04108298217570919},"point_estimate":-0.049866305801484656,"standard_error":0.004790039236355273},"median":{"confidence_interval":{"confidence_level":0.95,"lower_bound":-0.054979050479462166,"upper_bound":-0.0367032528370097},"point_estimate":-0.044788035651006974,"standard_error":0.005846309883966285}}