{"mean":{"confidence_interval":{"confidence_level":0.95,"lower_bound":161835.8366674326,"upper_bound":162778.193717385},"point_estimate":162264.49657149217,"standard_error":242.7837989403929},"median":{"confidence_interval":{"confidence_level":0.95,"lower_bound":161668.28012992832,"upper_bound":161820.81324884793},"point_estimate":161740.71482073306,"standard_error":108.9521989937764},"median_abs_dev":{"confidence_interval":{"confidence_level":0.95,"lower_bound":58.03209595486098,"upper_bound":382.5167915296333},"point_estimate":131.23346580832148,"standard_error":155.84051308435872},"slope":{"confidence_interval":{"confidence_level":0.95,"lower_bound":161691.85107908805,"upper_bound":163256.92359673016},"point_estimate":162251.7353293245,"standard_error":465.8935926835958},"std_dev":{"confidence_interval":{"confidence_level":0.95,"lower_bound":491.0636385438021,"upper_bound":1500.5243358579507},"point_estimate":1119.6549522384983,"standard_error":262.23970384306347}}