{"mean":{"confidence_interval":{"confidence_level":0.95,"lower_bound":85.14878444567596,"upper_bound":85.8238031980331},"point_estimate":85.46591858143753,"standard_error":0.17336573061585542},"median":{"confidence_interval":{"confidence_level":0.95,"lower_bound":84.97117044109288,"upper_bound":85.94235693786453},"point_estimate":85.4135392622117,"standard_error":0.26576169402404176},"median_abs_dev":{"confidence_interval":{"confidence_level":0.95,"lower_bound":0.2956734886990087,"upper_bound":1.0335739738841567},"point_estimate":0.8175551523057845,"standard_error":0.18290802716843407},"slope":{"confidence_interval":{"confidence_level":0.95,"lower_bound":84.78469616194782,"upper_bound":85.36742119198293},"point_estimate":85.04041585767872,"standard_error":0.14882360139530387},"std_dev":{"confidence_interval":{"confidence_level":0.95,"lower_bound":0.4840501031224911,"upper_bound":1.0941143870391385},"point_estimate":0.7984179916074585,"standard_error":0.17006587041854582}}