{"mean":{"confidence_interval":{"confidence_level":0.95,"lower_bound":20584.675352192273,"upper_bound":20847.312313307782},"point_estimate":20710.013445891378,"standard_error":67.32574368082899},"median":{"confidence_interval":{"confidence_level":0.95,"lower_bound":20533.130385259632,"upper_bound":20736.15893305815},"point_estimate":20649.974815636626,"standard_error":61.517391341143856},"median_abs_dev":{"confidence_interval":{"confidence_level":0.95,"lower_bound":106.64947564428202,"upper_bound":476.64425052028565},"point_estimate":243.98191014287332,"standard_error":92.8457409099276},"slope":{"confidence_interval":{"confidence_level":0.95,"lower_bound":20561.724727756435,"upper_bound":20931.651292673403},"point_estimate":20736.701456410974,"standard_error":96.95882351878971},"std_dev":{"confidence_interval":{"confidence_level":0.95,"lower_bound":192.8608475007798,"upper_bound":377.61677443757696},"point_estimate":308.13364035117587,"standard_error":46.868399569571785}}