{"mean":{"confidence_interval":{"confidence_level":0.95,"lower_bound":-0.21052989109780335,"upper_bound":-0.1825604456343897},"point_estimate":-0.1963280548668891,"standard_error":0.007139704235617352},"median":{"confidence_interval":{"confidence_level":0.95,"lower_bound":-0.20454580726602656,"upper_bound":-0.17468416544498155},"point_estimate":-0.18565536047308318,"standard_error":0.0077561599165281315}}