{"mean":{"confidence_interval":{"confidence_level":0.95,"lower_bound":0.0825148871488599,"upper_bound":0.0956836047346151},"point_estimate":0.0893949918852106,"standard_error":0.003357894885411874},"median":{"confidence_interval":{"confidence_level":0.95,"lower_bound":0.08290810654081127,"upper_bound":0.10402132790554708},"point_estimate":0.09755607059526938,"standard_error":0.005535046548914309}}