{"mean":{"confidence_interval":{"confidence_level":0.95,"lower_bound":-0.03472494559982394,"upper_bound":0.010026531643446746},"point_estimate":-0.010615521921471305,"standard_error":0.011517505116738451},"median":{"confidence_interval":{"confidence_level":0.95,"lower_bound":-0.01681954085248638,"upper_bound":0.015210160935112071},"point_estimate":-0.0012968571850856536,"standard_error":0.007370066096969309}}