{"mean":{"confidence_interval":{"confidence_level":0.95,"lower_bound":-0.06131584809926844,"upper_bound":-0.028932563566461362},"point_estimate":-0.04494938383215075,"standard_error":0.008253093432842308},"median":{"confidence_interval":{"confidence_level":0.95,"lower_bound":-0.05431707452735268,"upper_bound":-0.015398449842789708},"point_estimate":-0.0406412563405929,"standard_error":0.009101908840530389}}