{"mean":{"confidence_interval":{"confidence_level":0.95,"lower_bound":-0.2582764419891576,"upper_bound":-0.2317543596240956},"point_estimate":-0.24490255353592183,"standard_error":0.006774054417364044},"median":{"confidence_interval":{"confidence_level":0.95,"lower_bound":-0.2698858839834596,"upper_bound":-0.21906434163171395},"point_estimate":-0.23792869868973188,"standard_error":0.015529885344691852}}