{"mean":{"confidence_interval":{"confidence_level":0.95,"lower_bound":4525.390328817908,"upper_bound":4821.858441440295},"point_estimate":4676.316340484858,"standard_error":75.69857024325518},"median":{"confidence_interval":{"confidence_level":0.95,"lower_bound":4343.584816670413,"upper_bound":5002.7181837791195},"point_estimate":4777.6624388840955,"standard_error":155.85114678316415},"median_abs_dev":{"confidence_interval":{"confidence_level":0.95,"lower_bound":109.75620286916839,"upper_bound":557.6694842534172},"point_estimate":362.095680458919,"standard_error":128.3831905575753},"slope":{"confidence_interval":{"confidence_level":0.95,"lower_bound":4291.096029479569,"upper_bound":4561.493910305819},"point_estimate":4394.618616463189,"standard_error":69.40830642672962},"std_dev":{"confidence_interval":{"confidence_level":0.95,"lower_bound":270.9649995237411,"upper_bound":390.81640134133147},"point_estimate":348.2779059516828,"standard_error":30.405702767012823}}