{"mean":{"confidence_interval":{"confidence_level":0.95,"lower_bound":-0.0693614182580082,"upper_bound":-0.01059064909051001},"point_estimate":-0.041284655833209394,"standard_error":0.01551413480001994},"median":{"confidence_interval":{"confidence_level":0.95,"lower_bound":-0.09565719137188977,"upper_bound":0.0016724678823993866},"point_estimate":-0.03588400580561779,"standard_error":0.02426527488029694}}