{"mean":{"confidence_interval":{"confidence_level":0.95,"lower_bound":-0.07495533809868482,"upper_bound":0.009510463232763574},"point_estimate":-0.035712955899686705,"standard_error":0.02045790821229249},"median":{"confidence_interval":{"confidence_level":0.95,"lower_bound":-0.13537982838970175,"upper_bound":0.047634151782712575},"point_estimate":-0.0092396720678104,"standard_error":0.06727122158203248}}