{"mean":{"confidence_interval":{"confidence_level":0.95,"lower_bound":14.841238793486847,"upper_bound":14.966855948566103},"point_estimate":14.90278587226057,"standard_error":0.032157518519611614},"median":{"confidence_interval":{"confidence_level":0.95,"lower_bound":14.79325762244087,"upper_bound":14.999644701995736},"point_estimate":14.880377993830212,"standard_error":0.04680962650450851},"median_abs_dev":{"confidence_interval":{"confidence_level":0.95,"lower_bound":0.07117946710227636,"upper_bound":0.23389486686588765},"point_estimate":0.17171169898439348,"standard_error":0.040172077373250244},"slope":{"confidence_interval":{"confidence_level":0.95,"lower_bound":14.85405798885624,"upper_bound":15.026626389235103},"point_estimate":14.943665137867871,"standard_error":0.04448039362562434},"std_dev":{"confidence_interval":{"confidence_level":0.95,"lower_bound":0.10662022174660107,"upper_bound":0.17489322726534026},"point_estimate":0.14766141154714962,"standard_error":0.017429816132654468}}