{"mean":{"confidence_interval":{"confidence_level":0.95,"lower_bound":0.19456718468524334,"upper_bound":0.21880787075463554},"point_estimate":0.20629642678137006,"standard_error":0.006507931938499224},"median":{"confidence_interval":{"confidence_level":0.95,"lower_bound":0.1782306589714442,"upper_bound":0.224403189947235},"point_estimate":0.2079773271420149,"standard_error":0.015812419184315127}}