{"mean":{"confidence_interval":{"confidence_level":0.95,"lower_bound":-0.05885946113621786,"upper_bound":-0.04654216027766952},"point_estimate":-0.05257665176639781,"standard_error":0.0031567466266828282},"median":{"confidence_interval":{"confidence_level":0.95,"lower_bound":-0.05773225029864393,"upper_bound":-0.0456181308853465},"point_estimate":-0.04888876884757487,"standard_error":0.002861944463472576}}