{"mean":{"confidence_interval":{"confidence_level":0.95,"lower_bound":0.011292542474091697,"upper_bound":0.0383377475810438},"point_estimate":0.0245978321232887,"standard_error":0.006872159864245032},"median":{"confidence_interval":{"confidence_level":0.95,"lower_bound":0.0007343412411706662,"upper_bound":0.03331156134799551},"point_estimate":0.017117736076978085,"standard_error":0.008491900979451641}}