{"mean":{"confidence_interval":{"confidence_level":0.95,"lower_bound":0.054735394781010825,"upper_bound":0.07180996853012116},"point_estimate":0.06331661915724873,"standard_error":0.004319053456120302},"median":{"confidence_interval":{"confidence_level":0.95,"lower_bound":0.05861163671875702,"upper_bound":0.07140802816353098},"point_estimate":0.06264915695383944,"standard_error":0.0032737865255544397}}