{"mean":{"confidence_interval":{"confidence_level":0.95,"lower_bound":-0.011589670592447312,"upper_bound":0.1252464971503494},"point_estimate":0.05047181759757846,"standard_error":0.03531809770552703},"median":{"confidence_interval":{"confidence_level":0.95,"lower_bound":-0.08095003762850705,"upper_bound":0.13903070664787137},"point_estimate":0.03309100106412344,"standard_error":0.05576445671256448}}