{"mean":{"confidence_interval":{"confidence_level":0.95,"lower_bound":-0.1803021393309117,"upper_bound":-0.14916063315425276},"point_estimate":-0.16443462421767674,"standard_error":0.0080054850396305},"median":{"confidence_interval":{"confidence_level":0.95,"lower_bound":-0.18219619986283253,"upper_bound":-0.14197846922902635},"point_estimate":-0.16318983260601305,"standard_error":0.009805886045612352}}