{"mean":{"confidence_interval":{"confidence_level":0.95,"lower_bound":0.1869088610742574,"upper_bound":0.2784322089284442},"point_estimate":0.236293350131616,"standard_error":0.023546974314749017},"median":{"confidence_interval":{"confidence_level":0.95,"lower_bound":0.2497931359529484,"upper_bound":0.3097228301641748},"point_estimate":0.2779880715769749,"standard_error":0.01640883606568275}}