{"mean":{"confidence_interval":{"confidence_level":0.95,"lower_bound":-0.040049391484816156,"upper_bound":0.04864225128010048},"point_estimate":0.008057272041205321,"standard_error":0.022616248399970267},"median":{"confidence_interval":{"confidence_level":0.95,"lower_bound":-0.06523690422913453,"upper_bound":0.06766498878184213},"point_estimate":-0.028153729241822023,"standard_error":0.036482160071870585}}