{"mean":{"confidence_interval":{"confidence_level":0.95,"lower_bound":0.15754403971379266,"upper_bound":0.16909463309323236},"point_estimate":0.16335823079717127,"standard_error":0.0029465215997164684},"median":{"confidence_interval":{"confidence_level":0.95,"lower_bound":0.15639705621331346,"upper_bound":0.17177415593715617},"point_estimate":0.1623072321149801,"standard_error":0.0035771449482044334}}