{"mean":{"confidence_interval":{"confidence_level":0.95,"lower_bound":-0.16253588695357166,"upper_bound":-0.1544028040821479},"point_estimate":-0.15850241843365087,"standard_error":0.0020732438231829847},"median":{"confidence_interval":{"confidence_level":0.95,"lower_bound":-0.16152959444702364,"upper_bound":-0.1570260198214828},"point_estimate":-0.1590053088815785,"standard_error":0.0010661133618937299}}