{"mean":{"confidence_interval":{"confidence_level":0.95,"lower_bound":-0.1867802114846673,"upper_bound":-0.17001365073688418},"point_estimate":-0.17793154182209403,"standard_error":0.004277147405872033},"median":{"confidence_interval":{"confidence_level":0.95,"lower_bound":-0.18351621935128426,"upper_bound":-0.1703989661642813},"point_estimate":-0.1764571797342488,"standard_error":0.0030874489174156764}}