{"mean":{"confidence_interval":{"confidence_level":0.95,"lower_bound":-0.16266951075080904,"upper_bound":-0.15332994745895676},"point_estimate":-0.15797525018011238,"standard_error":0.0023929548822647574},"median":{"confidence_interval":{"confidence_level":0.95,"lower_bound":-0.16698590976404704,"upper_bound":-0.15090726696095613},"point_estimate":-0.1579271274499815,"standard_error":0.004318792327648962}}