{"mean":{"confidence_interval":{"confidence_level":0.95,"lower_bound":-0.32976451582671384,"upper_bound":-0.2950590572993753},"point_estimate":-0.3129479579813693,"standard_error":0.008763374934831581},"median":{"confidence_interval":{"confidence_level":0.95,"lower_bound":-0.3273489418488812,"upper_bound":-0.3035090806935308},"point_estimate":-0.31219480047366976,"standard_error":0.005972984405881673}}