{"mean":{"confidence_interval":{"confidence_level":0.95,"lower_bound":-0.19891211895251543,"upper_bound":-0.12297625164849359},"point_estimate":-0.160285045878505,"standard_error":0.01944470921831973},"median":{"confidence_interval":{"confidence_level":0.95,"lower_bound":-0.18424287094923986,"upper_bound":-0.09028891735547406},"point_estimate":-0.10600961872595538,"standard_error":0.024609737245312166}}