{"mean":{"confidence_interval":{"confidence_level":0.95,"lower_bound":2602.4409813672723,"upper_bound":2688.8250813781337},"point_estimate":2644.581311144707,"standard_error":22.135016561997034},"median":{"confidence_interval":{"confidence_level":0.95,"lower_bound":2562.933806495341,"upper_bound":2719.4150138803207},"point_estimate":2612.8729157085972,"standard_error":52.37529253098056},"median_abs_dev":{"confidence_interval":{"confidence_level":0.95,"lower_bound":19.08498453171495,"upper_bound":174.98174454675348},"point_estimate":102.05478290747456,"standard_error":44.87072914719553},"slope":{"confidence_interval":{"confidence_level":0.95,"lower_bound":2548.907929716919,"upper_bound":2606.4339971376253},"point_estimate":2572.5112904882994,"standard_error":14.602212355815094},"std_dev":{"confidence_interval":{"confidence_level":0.95,"lower_bound":76.63963290850124,"upper_bound":118.57773266716768},"point_estimate":101.79819647751161,"standard_error":10.692451506470768}}