{"mean":{"confidence_interval":{"confidence_level":0.95,"lower_bound":0.1192325614135362,"upper_bound":0.1640347864268877},"point_estimate":0.14282587746850472,"standard_error":0.01181520455508646},"median":{"confidence_interval":{"confidence_level":0.95,"lower_bound":0.10500341238053545,"upper_bound":0.17240490844556833},"point_estimate":0.11993057212471836,"standard_error":0.01865469076955154}}