{"mean":{"confidence_interval":{"confidence_level":0.95,"lower_bound":-0.2215267722232038,"upper_bound":-0.20968795668368154},"point_estimate":-0.21541881937085783,"standard_error":0.003008238352235973},"median":{"confidence_interval":{"confidence_level":0.95,"lower_bound":-0.22062743470900548,"upper_bound":-0.208799923298576},"point_estimate":-0.21621855276022173,"standard_error":0.003238531450763924}}