{"mean":{"confidence_interval":{"confidence_level":0.95,"lower_bound":-0.15781223232486183,"upper_bound":-0.14504265310739473},"point_estimate":-0.15116238465543097,"standard_error":0.0032595364387946846},"median":{"confidence_interval":{"confidence_level":0.95,"lower_bound":-0.15359197241271794,"upper_bound":-0.13907485146738108},"point_estimate":-0.14614742596971841,"standard_error":0.004601301075021308}}