{"mean":{"confidence_interval":{"confidence_level":0.95,"lower_bound":-0.26148431547743684,"upper_bound":-0.22265728148474326},"point_estimate":-0.24087014890217262,"standard_error":0.009956350824671797},"median":{"confidence_interval":{"confidence_level":0.95,"lower_bound":-0.23734695382822368,"upper_bound":-0.21991045661601016},"point_estimate":-0.2288598737335824,"standard_error":0.0045819004647354574}}