{"mean":{"confidence_interval":{"confidence_level":0.95,"lower_bound":0.11641476985499598,"upper_bound":0.18957324582216806},"point_estimate":0.14808974873044733,"standard_error":0.018762723556824776},"median":{"confidence_interval":{"confidence_level":0.95,"lower_bound":0.1010793001998076,"upper_bound":0.14170787508886518},"point_estimate":0.11272344285905378,"standard_error":0.01402502052403484}}