{"mean":{"confidence_interval":{"confidence_level":0.95,"lower_bound":0.15406484533698425,"upper_bound":0.18568759117866418},"point_estimate":0.16942310376748626,"standard_error":0.008214522123213495},"median":{"confidence_interval":{"confidence_level":0.95,"lower_bound":0.14304708544788358,"upper_bound":0.1856711199375385},"point_estimate":0.16469661009434655,"standard_error":0.01347160021660974}}