{"mean":{"confidence_interval":{"confidence_level":0.95,"lower_bound":-0.09216399270443174,"upper_bound":-0.07111347438335737},"point_estimate":-0.08178850411075078,"standard_error":0.005390305833262984},"median":{"confidence_interval":{"confidence_level":0.95,"lower_bound":-0.09320546991625132,"upper_bound":-0.06614227532357075},"point_estimate":-0.07579126456727325,"standard_error":0.008203181443613808}}