{"mean":{"confidence_interval":{"confidence_level":0.95,"lower_bound":-0.18352867824192973,"upper_bound":-0.17072550229580244},"point_estimate":-0.17693277448543754,"standard_error":0.0032682190854262205},"median":{"confidence_interval":{"confidence_level":0.95,"lower_bound":-0.18350587275074048,"upper_bound":-0.1685337152855091},"point_estimate":-0.172652002978386,"standard_error":0.004749521759993958}}