{"mean":{"confidence_interval":{"confidence_level":0.95,"lower_bound":0.04307026633804343,"upper_bound":0.09468408880851514},"point_estimate":0.06937283415000195,"standard_error":0.013210855239633616},"median":{"confidence_interval":{"confidence_level":0.95,"lower_bound":0.05723138219257984,"upper_bound":0.10526052567187416},"point_estimate":0.08435705579904051,"standard_error":0.012803951353064771}}