{"mean":{"confidence_interval":{"confidence_level":0.95,"lower_bound":33870.082129420574,"upper_bound":34765.81828682042},"point_estimate":34283.50846318739,"standard_error":229.9580973870999},"median":{"confidence_interval":{"confidence_level":0.95,"lower_bound":33678.39259612936,"upper_bound":34677.706022408966},"point_estimate":33901.51638655462,"standard_error":286.18684559331433},"median_abs_dev":{"confidence_interval":{"confidence_level":0.95,"lower_bound":274.16308126708253,"upper_bound":1338.7698696016218},"point_estimate":719.3124062884777,"standard_error":266.8402406069298},"slope":{"confidence_interval":{"confidence_level":0.95,"lower_bound":33744.85849260397,"upper_bound":35452.215068995036},"point_estimate":34657.96296899248,"standard_error":435.9828416531396},"std_dev":{"confidence_interval":{"confidence_level":0.95,"lower_bound":560.6061108227744,"upper_bound":1437.639682371928},"point_estimate":1059.472590306791,"standard_error":232.33146145117882}}