{"mean":{"confidence_interval":{"confidence_level":0.95,"lower_bound":-0.08132188559012095,"upper_bound":-0.02451311886768595},"point_estimate":-0.051133653631660225,"standard_error":0.014654768801600635},"median":{"confidence_interval":{"confidence_level":0.95,"lower_bound":-0.04732159874456843,"upper_bound":-0.028810180056221713},"point_estimate":-0.03957385501888899,"standard_error":0.004708927856032844}}