{"mean":{"confidence_interval":{"confidence_level":0.95,"lower_bound":-0.13571382337870014,"upper_bound":-0.10530988240672089},"point_estimate":-0.1207084624801763,"standard_error":0.007771497336033247},"median":{"confidence_interval":{"confidence_level":0.95,"lower_bound":-0.14304339921829057,"upper_bound":-0.09046622153619754},"point_estimate":-0.12016455703942486,"standard_error":0.011837698427795149}}