{"mean":{"confidence_interval":{"confidence_level":0.95,"lower_bound":-0.20982066172828118,"upper_bound":-0.18814314188921444},"point_estimate":-0.19874019453803482,"standard_error":0.005511722736640886},"median":{"confidence_interval":{"confidence_level":0.95,"lower_bound":-0.21534736724566672,"upper_bound":-0.18283056050439084},"point_estimate":-0.19902635903849164,"standard_error":0.007576149854653988}}