{"mean":{"confidence_interval":{"confidence_level":0.95,"lower_bound":-0.020088799936984515,"upper_bound":0.008142297348935673},"point_estimate":-0.0063224198716249624,"standard_error":0.007224147768351323},"median":{"confidence_interval":{"confidence_level":0.95,"lower_bound":-0.028061382476788355,"upper_bound":0.006722948069625367},"point_estimate":-0.010392110985597891,"standard_error":0.009387344739039436}}