{"mean":{"confidence_interval":{"confidence_level":0.95,"lower_bound":-0.11694332712441778,"upper_bound":-0.08290143529524242},"point_estimate":-0.09990349005420984,"standard_error":0.008748157573720924},"median":{"confidence_interval":{"confidence_level":0.95,"lower_bound":-0.11927879597750202,"upper_bound":-0.08587368268652673},"point_estimate":-0.11533324641970277,"standard_error":0.007808508777204065}}