{"mean":{"confidence_interval":{"confidence_level":0.95,"lower_bound":-0.10266604701646596,"upper_bound":-0.042960118733199895},"point_estimate":-0.07229159955464992,"standard_error":0.015298176710114499},"median":{"confidence_interval":{"confidence_level":0.95,"lower_bound":-0.09228227963606705,"upper_bound":-0.028150591887692866},"point_estimate":-0.051475080831039244,"standard_error":0.019655925104007845}}