{"mean":{"confidence_interval":{"confidence_level":0.95,"lower_bound":-0.26693619886443065,"upper_bound":-0.21861216867378308},"point_estimate":-0.24395121170138234,"standard_error":0.012355677709085537},"median":{"confidence_interval":{"confidence_level":0.95,"lower_bound":-0.29119197790477624,"upper_bound":-0.18345962870693788},"point_estimate":-0.2577234690012148,"standard_error":0.025451722759891646}}