{"mean":{"confidence_interval":{"confidence_level":0.95,"lower_bound":79982.66479940186,"upper_bound":82021.00630434648},"point_estimate":80978.87449444227,"standard_error":522.446267795385},"median":{"confidence_interval":{"confidence_level":0.95,"lower_bound":79042.85,"upper_bound":82235.82564545874},"point_estimate":80597.25083764174,"standard_error":751.8625547233094},"median_abs_dev":{"confidence_interval":{"confidence_level":0.95,"lower_bound":1085.652792325206,"upper_bound":4007.797839619766},"point_estimate":3060.539191446032,"standard_error":777.8385903223734},"slope":{"confidence_interval":{"confidence_level":0.95,"lower_bound":79289.93454555966,"upper_bound":81713.879513782},"point_estimate":80583.59105642865,"standard_error":621.4462793668524},"std_dev":{"confidence_interval":{"confidence_level":0.95,"lower_bound":1760.3674949062183,"upper_bound":2778.550194507464},"point_estimate":2387.995388218416,"standard_error":259.61245651134857}}