{"mean":{"confidence_interval":{"confidence_level":0.95,"lower_bound":-0.47092207646084044,"upper_bound":-0.4013881756771995},"point_estimate":-0.4382942426713935,"standard_error":0.01783901492863094},"median":{"confidence_interval":{"confidence_level":0.95,"lower_bound":-0.48012779236687997,"upper_bound":-0.35740387721153066},"point_estimate":-0.46956689200246604,"standard_error":0.038849436937557706}}