{"mean":{"confidence_interval":{"confidence_level":0.95,"lower_bound":0.027845393946652572,"upper_bound":0.05274252436399004},"point_estimate":0.040644039084989814,"standard_error":0.0063827837204299635},"median":{"confidence_interval":{"confidence_level":0.95,"lower_bound":0.033996795212186015,"upper_bound":0.06173059892738886},"point_estimate":0.04684688510700585,"standard_error":0.006679358344484923}}