{"mean":{"confidence_interval":{"confidence_level":0.95,"lower_bound":-0.014767874599176035,"upper_bound":0.038003655307398444},"point_estimate":0.01551533056138732,"standard_error":0.013886153778049639},"median":{"confidence_interval":{"confidence_level":0.95,"lower_bound":0.014143388148947666,"upper_bound":0.049338256371069145},"point_estimate":0.0375254658243791,"standard_error":0.00962343910660331}}