{"mean":{"confidence_interval":{"confidence_level":0.95,"lower_bound":0.1466221547486955,"upper_bound":0.20855626998558582},"point_estimate":0.17749812123571274,"standard_error":0.015893924012018338},"median":{"confidence_interval":{"confidence_level":0.95,"lower_bound":0.11981250129260612,"upper_bound":0.23725078565514846},"point_estimate":0.15362191643454737,"standard_error":0.03394597832616752}}