{"mean":{"confidence_interval":{"confidence_level":0.95,"lower_bound":-0.0027343980686698713,"upper_bound":0.04278281261226865},"point_estimate":0.01913213999548069,"standard_error":0.011495338485101694},"median":{"confidence_interval":{"confidence_level":0.95,"lower_bound":-0.01802671439792536,"upper_bound":0.02772179495670013},"point_estimate":0.004185762141446947,"standard_error":0.012385411707664159}}