{"mean":{"confidence_interval":{"confidence_level":0.95,"lower_bound":207.3963499978339,"upper_bound":213.71471150072216},"point_estimate":210.43720381308276,"standard_error":1.6228760326916374},"median":{"confidence_interval":{"confidence_level":0.95,"lower_bound":204.4970758166237,"upper_bound":212.0096007712358},"point_estimate":209.81134747143608,"standard_error":1.8543422752596026},"median_abs_dev":{"confidence_interval":{"confidence_level":0.95,"lower_bound":2.3623463552085235,"upper_bound":11.329819765617213},"point_estimate":7.878939015545695,"standard_error":2.3477154422462068},"slope":{"confidence_interval":{"confidence_level":0.95,"lower_bound":209.044069013004,"upper_bound":217.03484332746538},"point_estimate":213.08355474176628,"standard_error":2.0343756103729755},"std_dev":{"confidence_interval":{"confidence_level":0.95,"lower_bound":4.559916216883981,"upper_bound":9.174453175205853},"point_estimate":7.455855112420772,"standard_error":1.1528987478055934}}