{"mean":{"confidence_interval":{"confidence_level":0.95,"lower_bound":-0.44050648536086046,"upper_bound":-0.43090815148048595},"point_estimate":-0.43561139204954347,"standard_error":0.0024461151197093817},"median":{"confidence_interval":{"confidence_level":0.95,"lower_bound":-0.4382836800240558,"upper_bound":-0.42548585834610264},"point_estimate":-0.4309433517280895,"standard_error":0.0029501879089242466}}