{"mean":{"confidence_interval":{"confidence_level":0.95,"lower_bound":-0.032053247672657124,"upper_bound":0.004766678320905522},"point_estimate":-0.013837929278472605,"standard_error":0.009387325713436595},"median":{"confidence_interval":{"confidence_level":0.95,"lower_bound":-0.04015718697834181,"upper_bound":0.021573511979091853},"point_estimate":-0.014471192605302718,"standard_error":0.016016031271608954}}