{"mean":{"confidence_interval":{"confidence_level":0.95,"lower_bound":-0.2457519134808011,"upper_bound":-0.22441714587104525},"point_estimate":-0.23418607492953303,"standard_error":0.00546308787150076},"median":{"confidence_interval":{"confidence_level":0.95,"lower_bound":-0.2354574583485688,"upper_bound":-0.2211016312875942},"point_estimate":-0.22967753551276548,"standard_error":0.003620406444409376}}