{"mean":{"confidence_interval":{"confidence_level":0.95,"lower_bound":49.91715644610311,"upper_bound":50.33517202615028},"point_estimate":50.11230404174851,"standard_error":0.10706066632206238},"median":{"confidence_interval":{"confidence_level":0.95,"lower_bound":49.84157502480759,"upper_bound":50.211163112928986},"point_estimate":50.03127695633988,"standard_error":0.09746812997965693},"median_abs_dev":{"confidence_interval":{"confidence_level":0.95,"lower_bound":0.1522297203639443,"upper_bound":0.5815976104673618},"point_estimate":0.2922904542840114,"standard_error":0.10335430719639883},"slope":{"confidence_interval":{"confidence_level":0.95,"lower_bound":49.849258633895495,"upper_bound":49.996194249706335},"point_estimate":49.90964224027358,"standard_error":0.037121019435434104},"std_dev":{"confidence_interval":{"confidence_level":0.95,"lower_bound":0.2538331240826132,"upper_bound":0.6438060266126822},"point_estimate":0.4910378435668545,"standard_error":0.09936367156350515}}