{"mean":{"confidence_interval":{"confidence_level":0.95,"lower_bound":0.1392528964490316,"upper_bound":0.19567787226710906},"point_estimate":0.16566743742301582,"standard_error":0.014350163753325372},"median":{"confidence_interval":{"confidence_level":0.95,"lower_bound":0.11798829744630535,"upper_bound":0.1911435168493245},"point_estimate":0.16179171556683447,"standard_error":0.016903696724793454}}