{"mean":{"confidence_interval":{"confidence_level":0.95,"lower_bound":-0.2166523696445471,"upper_bound":-0.18197560994770273},"point_estimate":-0.19915894029249082,"standard_error":0.008983970950445242},"median":{"confidence_interval":{"confidence_level":0.95,"lower_bound":-0.24439313772166016,"upper_bound":-0.17307677569971935},"point_estimate":-0.2040697204581411,"standard_error":0.019137705773952973}}