{"mean":{"confidence_interval":{"confidence_level":0.95,"lower_bound":-0.15773193321522763,"upper_bound":-0.139309918303342},"point_estimate":-0.1480355310291951,"standard_error":0.004698078608771881},"median":{"confidence_interval":{"confidence_level":0.95,"lower_bound":-0.16183845167548738,"upper_bound":-0.13141268865166877},"point_estimate":-0.1548182156963417,"standard_error":0.008367996856413455}}