{"mean":{"confidence_interval":{"confidence_level":0.95,"lower_bound":2076.794721223219,"upper_bound":2092.5527338653046},"point_estimate":2084.624135389653,"standard_error":4.02921337518881},"median":{"confidence_interval":{"confidence_level":0.95,"lower_bound":2078.8743492916883,"upper_bound":2092.060097446237},"point_estimate":2083.73822689358,"standard_error":3.7214755453873574},"median_abs_dev":{"confidence_interval":{"confidence_level":0.95,"lower_bound":5.8943437209591885,"upper_bound":26.812113930911796},"point_estimate":14.94743830732938,"standard_error":5.085407332018301},"slope":{"confidence_interval":{"confidence_level":0.95,"lower_bound":2074.522435967956,"upper_bound":2093.789016446469},"point_estimate":2082.6837295343,"standard_error":4.920696640199118},"std_dev":{"confidence_interval":{"confidence_level":0.95,"lower_bound":11.834624832926226,"upper_bound":23.376905219488844},"point_estimate":18.502041364734897,"standard_error":2.953578467352681}}