{"mean":{"confidence_interval":{"confidence_level":0.95,"lower_bound":-0.3531311922934918,"upper_bound":-0.27521128777244347},"point_estimate":-0.31710194337903264,"standard_error":0.01994726442948589},"median":{"confidence_interval":{"confidence_level":0.95,"lower_bound":-0.3595537099928183,"upper_bound":-0.2894511610718863},"point_estimate":-0.3400211274803918,"standard_error":0.02113260175792273}}