{"mean":{"confidence_interval":{"confidence_level":0.95,"lower_bound":0.04968714852155609,"upper_bound":0.07216537087547631},"point_estimate":0.06115601397769521,"standard_error":0.005723529167851461},"median":{"confidence_interval":{"confidence_level":0.95,"lower_bound":0.05427312684783314,"upper_bound":0.07638858855840347},"point_estimate":0.0693112444757189,"standard_error":0.005924203217305116}}