{"mean":{"confidence_interval":{"confidence_level":0.95,"lower_bound":0.01888005296484702,"upper_bound":0.09124636300013532},"point_estimate":0.05695818082457005,"standard_error":0.01860804090148765},"median":{"confidence_interval":{"confidence_level":0.95,"lower_bound":0.03710309773795317,"upper_bound":0.12458360941746371},"point_estimate":0.07811642850182943,"standard_error":0.020526135127684995}}