{"mean":{"confidence_interval":{"confidence_level":0.95,"lower_bound":-0.21928953433979387,"upper_bound":-0.1844467707982257},"point_estimate":-0.20201323846515196,"standard_error":0.008803631718938148},"median":{"confidence_interval":{"confidence_level":0.95,"lower_bound":-0.23179778096264947,"upper_bound":-0.18721208117631394},"point_estimate":-0.21015709835424778,"standard_error":0.011389855818052097}}