{"mean":{"confidence_interval":{"confidence_level":0.95,"lower_bound":-0.01299631748069922,"upper_bound":0.004648910186847238},"point_estimate":-0.00399414757122718,"standard_error":0.00447152654520301},"median":{"confidence_interval":{"confidence_level":0.95,"lower_bound":-0.006331524870856198,"upper_bound":0.007207099475890377},"point_estimate":0.004317429125153538,"standard_error":0.0036204997647537413}}