{"mean":{"confidence_interval":{"confidence_level":0.95,"lower_bound":-0.2380945468633826,"upper_bound":-0.21185060046774581},"point_estimate":-0.22433816275575802,"standard_error":0.0067063789324368905},"median":{"confidence_interval":{"confidence_level":0.95,"lower_bound":-0.22728853924684222,"upper_bound":-0.2062177318466668},"point_estimate":-0.2148012985926887,"standard_error":0.0056949183191382395}}