{"mean":{"confidence_interval":{"confidence_level":0.95,"lower_bound":-0.022590385091000375,"upper_bound":0.009321583291268476},"point_estimate":-0.005890844726102462,"standard_error":0.008184478834351947},"median":{"confidence_interval":{"confidence_level":0.95,"lower_bound":-0.021629240705181352,"upper_bound":0.01957264424679317},"point_estimate":0.0006861990435793608,"standard_error":0.010786404702078324}}