{"mean":{"confidence_interval":{"confidence_level":0.95,"lower_bound":0.010477925817196594,"upper_bound":0.06099475148505975},"point_estimate":0.03622544081140422,"standard_error":0.012913657891867561},"median":{"confidence_interval":{"confidence_level":0.95,"lower_bound":0.009120988654468976,"upper_bound":0.07718869997442379},"point_estimate":0.05201800090578179,"standard_error":0.015029342046745749}}