{"mean":{"confidence_interval":{"confidence_level":0.95,"lower_bound":-0.2895481267571104,"upper_bound":-0.22514192729286048},"point_estimate":-0.25838070883257014,"standard_error":0.01643767580246613},"median":{"confidence_interval":{"confidence_level":0.95,"lower_bound":-0.306349163210778,"upper_bound":-0.20173493515579544},"point_estimate":-0.22813483853227723,"standard_error":0.03050445094323344}}