{"mean":{"confidence_interval":{"confidence_level":0.95,"lower_bound":0.10933769009209961,"upper_bound":0.19191676856174805},"point_estimate":0.1576807746057718,"standard_error":0.02191473937443053},"median":{"confidence_interval":{"confidence_level":0.95,"lower_bound":0.17902191267229695,"upper_bound":0.19812414604237238},"point_estimate":0.1885105204404769,"standard_error":0.0051421575677966765}}