{"mean":{"confidence_interval":{"confidence_level":0.95,"lower_bound":-0.1370350387709545,"upper_bound":-0.12544228498894272},"point_estimate":-0.13137768188102106,"standard_error":0.002953399338324479},"median":{"confidence_interval":{"confidence_level":0.95,"lower_bound":-0.14374686316902352,"upper_bound":-0.12312952129392063},"point_estimate":-0.13774838545303192,"standard_error":0.005096582135246602}}